{
  "cacheBootResources": true,
  "config": [ ],
  "debugBuild": false,
  "entryAssembly": "eadca3",
  "icuDataMode": 0,
  "linkerEnabled": true,
  "resources": {
    "assembly": {
      "eadca3.dll": "sha256-sAuULvcRSU4Xb9+1JBlwtE+4krsNcwuSmurCTo8iDZ8=",
      "Microsoft.AspNetCore.Components.dll": "sha256-cuFtJrc5WWvdHMWz\/MjueiCgMPUe7OrFTuvU0yfIqHg=",
      "Microsoft.AspNetCore.Components.Web.dll": "sha256-Qwp\/LUQPvlE\/Y2J0zcfgh9nh7YBeJx2H4j9Xo8w7hTc=",
      "Microsoft.AspNetCore.Components.WebAssembly.dll": "sha256-XYM80863rCSqPKTIFsPNKnli9FGEN6ydRhJq9gbYJAE=",
      "Microsoft.CSharp.dll": "sha256-6vTIP3hGgVGsxH\/ibJDMUUeOI3uWxFWb3urmVN3UcT4=",
      "Microsoft.Extensions.Configuration.Abstractions.dll": "sha256-X\/f4fDl2cuIRXeWHhK\/f2UqQbFioD+RU4a4CEh0zrrQ=",
      "Microsoft.Extensions.Configuration.dll": "sha256-DBOKSPriP2JDxVbbWrLXyD3K4\/x3RBifNBWk\/q1I39M=",
      "Microsoft.Extensions.Configuration.Json.dll": "sha256-Q5AqJneA2TZnzC0IYzBx6j\/tHRhWAeMbpH3BsV7KgWg=",
      "Microsoft.Extensions.DependencyInjection.Abstractions.dll": "sha256-yYRllZJlWp+B35IoVXWL2oEHLbwSN\/8GrT5g7ISFCfw=",
      "Microsoft.Extensions.DependencyInjection.dll": "sha256-qi0kE7rp0kdsNqdL6DyPZEeimjUGvcLT4iWQX0YnRus=",
      "Microsoft.Extensions.Logging.Abstractions.dll": "sha256-FvxXs8qE502WAwQhb+NZbTB9CQTSCvkxQqKUEzbQXuc=",
      "Microsoft.Extensions.Logging.dll": "sha256-RJE660TEC1wm3MyL1EXQfTQB1qK+JWy1efVUxI8nNUo=",
      "Microsoft.Extensions.Options.dll": "sha256-WPBQk7rt2p4aMEo2pTp1sBpsiWdE8MmWuIYq+zl1ceo=",
      "Microsoft.Extensions.Primitives.dll": "sha256-eXvGx2jcjpTPEJoAHBsW\/VuMPbNyyU+AsuhPmkzSSRY=",
      "Microsoft.JSInterop.dll": "sha256-+Ocn1BQJtohBhsgZTM2mUCI8SX4EFb\/JVGbVPOzffDY=",
      "Microsoft.JSInterop.WebAssembly.dll": "sha256-bzbqcJ6KmXNtttCdwlY3JqqzIuFo0rRDUc7qjI8CKYM=",
      "Newtonsoft.Json.dll": "sha256-IsZJ91\/OW+fHzNqIgEc7Y072ns8z9dGritiSyvR9Wgc=",
      "System.Collections.Concurrent.dll": "sha256-riXBCSwh7uUdqZwul7bdHRCNMEgtc7S7BLe2AyKCAWk=",
      "System.Collections.dll": "sha256-HfxrrxVh44fmXHV\/GcTkYVHmqW77KETL8ZNHdgK9+Xo=",
      "System.Collections.NonGeneric.dll": "sha256-8JM9CYFJMSMX1KFcpO2S1SJHZL8xrxak9m\/yRyUFhyA=",
      "System.Collections.Specialized.dll": "sha256-q33EkUEP\/a8miwa9r0nbgbOg9siKndCGso3UuU1k3D4=",
      "System.ComponentModel.dll": "sha256-FrvP09HHsXFoinzpzIdbgpXzEoAe8UD4qK9vLhoNar8=",
      "System.ComponentModel.Primitives.dll": "sha256-i5BxJOo7W4x4KHxGCAcZ8xjFQzptTVUQUQ2lhJN0RIA=",
      "System.ComponentModel.TypeConverter.dll": "sha256-wA1DD0Arg+qGiCDQL6psDeOG3Uoo0KWh5dzFIAZeavM=",
      "System.Console.dll": "sha256-AJRJ01TJZ+EppVtAjFzG7UDw\/7V586x7FlAFNPxNe8w=",
      "System.Data.Common.dll": "sha256-WucDFOfTuiAWmtBDcvNigmxJHK4Y+7n6rtP99bbtc0g=",
      "System.Diagnostics.TraceSource.dll": "sha256-3zEnnKCqtrM3Q9yoNDgg36FMFmPsS7R4K7VAnQL5GP0=",
      "System.dll": "sha256-Fejv\/gPaOjbjG5px9VVT\/r\/8pjFBoNVu806apMepkmE=",
      "System.Drawing.dll": "sha256-t\/HXuSCn++K6DdbG46QREFTfIPOp2msvQ0VtlKehP28=",
      "System.Drawing.Primitives.dll": "sha256-QzVRQLqYyDARTfTTSY3nqj3+LNWIFeCRa\/M\/\/xZGDUE=",
      "System.Linq.dll": "sha256-VOeBOZI1m7VMC3oacBn65E2fNSoC1yv7h\/NUNlFB\/yE=",
      "System.Linq.Expressions.dll": "sha256-W4FsrxrYJbmbqiZCmESIqUE\/muYcDH+tYiVBhIE0ny4=",
      "System.Memory.dll": "sha256-gp0Pxwny2xmF0Lb\/S+AtCuhGu46h2RzVoaN3tv0ZZQQ=",
      "System.Net.Http.dll": "sha256-6vpwRHvO6zDNDqr468wX6W6t+ZXFpHNCnrKjwujPCbo=",
      "System.Net.Primitives.dll": "sha256-z9ZcoHUkFVlhrEIw1Hhq5JetT4TLimsx\/FsqYPxpJFM=",
      "System.ObjectModel.dll": "sha256-DAnmF6BVZrnSBhH9rDdHnxGtPyt4LPHZgEi9DvcH4qQ=",
      "System.Private.CoreLib.dll": "sha256-YDceOz3w6BtQABNgc1BPnkbGFt8zpQ9KKGEPdODoaTY=",
      "System.Private.Uri.dll": "sha256-eO976+LcNY1FvLZyG\/x2HScL4rfd3+9tdT4\/sDgXX9w=",
      "System.Private.Xml.dll": "sha256-691mlDkhbaw48+qxDUtgTLo\/\/9YswjmIAF9vyflNLOs=",
      "System.Private.Xml.Linq.dll": "sha256-fLlla\/Bxo9EntbtS2KEfogHqUbOepd9Du7m4vVFcypQ=",
      "System.Reflection.Emit.ILGeneration.dll": "sha256-VeM23a786Po5+ZsZTwhvvRNtrn+dDd95hiGgm1TECKA=",
      "System.Reflection.Emit.Lightweight.dll": "sha256-y5pAyQ9YCtXhurkX\/0gNLIzJnOpARH2X5sP12KO+XwM=",
      "System.Reflection.Primitives.dll": "sha256-i6hVN8W9vZnfL8FZwVMWNAWTnSvGMureSzJouNaVsrs=",
      "System.Runtime.dll": "sha256-S2ZUi1Iqp7P5zjn1ONl\/UHQaknWXt7QBbhe6KlZu3O0=",
      "System.Runtime.InteropServices.dll": "sha256-Herpl5AWhhBdQdC9ChHbZAvNm2Bc5Jh7vDHuKSRPiGs=",
      "System.Runtime.InteropServices.JavaScript.dll": "sha256-NIZdT\/hG9Khu\/5TWiigIneI72NiAFEYP+s01+m5RiJQ=",
      "System.Runtime.Numerics.dll": "sha256-6J9MCZDl1Ez5mW0HeFKVBr501cCzhnugoufCQlerpQY=",
      "System.Runtime.Serialization.Formatters.dll": "sha256-iWc6q1gGapTCroFf6JjihLR4\/a38v08knpNn+efeQiI=",
      "System.Runtime.Serialization.Primitives.dll": "sha256-H2Lxz1\/OD6u0+OCbvk9FYgH0SIJqMSGAkSC7MwkD9\/I=",
      "System.Security.Cryptography.dll": "sha256-uUGiICLI2W35kV6ISM1afCnXOoNUzooMEd80NfrzCT8=",
      "System.Text.Encoding.Extensions.dll": "sha256-PQVM4nWBTVw093Hw7KiyIZtQMR\/A3xRiQtWcNLvvc7k=",
      "System.Text.Encodings.Web.dll": "sha256-62jaTSp4h\/t4ygPGRZWHo3B8+dCDb8\/ZGuOG69ImEBM=",
      "System.Text.Json.dll": "sha256-yU0ORw6PMFgDnIEXkXyozX3C7aLtpo98Ojkq8KjJvdU=",
      "System.Text.RegularExpressions.dll": "sha256-lvhpDbEdTw2nXdQVDC2opNWN4LD7BwwuUSxpCChhnMk=",
      "System.Threading.dll": "sha256-RHdW1F14fRbqIO7As1hSg87oelUJOkE5GAsMWo2XIlc=",
      "System.Xml.Linq.dll": "sha256-5MN8DMEBxtWu5EXb3Xj9F+tp6q2tIAwGqUki3slxVy8=",
      "System.Xml.ReaderWriter.dll": "sha256-0PIRjz\/AX0JvRtBWrjw+bQBkIvTcnUFmV5w8Nekoeks=",
      "System.Xml.XDocument.dll": "sha256-WyWbc4YMIhwAScYY9o31JmyTOA\/NyznjK1RJxnLKsB4="
    },
    "extensions": null,
    "lazyAssembly": null,
    "libraryInitializers": null,
    "pdb": null,
    "runtime": {
      "dotnet.7.0.12.kbw8spmfo8.js": "sha256-r7RA+I6yJjrFbbrM42ICIeji7RpENJP\/W\/53y7z\/9Rg=",
      "dotnet.timezones.blat": "sha256-O421u5MzVtmNN7GY9RXR9Ib1uPK4hQfPpzOVofr7iNU=",
      "dotnet.wasm": "sha256-5SNmjjFmWWi3FMaNLIJxsLmkqk6XSEJb2OW66JNn13M=",
      "icudt_CJK.dat": "sha256-SZLtQnRc0JkwqHab0VUVP7T3uBPSeYzxzDnpxPpUnHk=",
      "icudt_EFIGS.dat": "sha256-8fItetYY8kQ0ww6oxwTLiT3oXlBwHKumbeP2pRF4yTc=",
      "icudt_no_CJK.dat": "sha256-L7sV7NEYP37\/Qr2FPCePo5cJqRgTXRwGHuwF5Q+0Nfs=",
      "icudt.dat": "sha256-tO5O5YzMTVSaKBboxAqezOQL9ewmupzV2JrB5Rkc8a4="
    },
    "runtimeAssets": {
      "dotnet.wasm": {
        "behavior": "dotnetwasm",
        "hash": "sha256-5SNmjjFmWWi3FMaNLIJxsLmkqk6XSEJb2OW66JNn13M="
      }
    },
    "satelliteResources": null
  }
}