{
  "cacheBootResources": true,
  "config": [ ],
  "debugBuild": false,
  "entryAssembly": "eadca3",
  "icuDataMode": 0,
  "linkerEnabled": true,
  "resources": {
    "assembly": {
      "eadca3.dll": "sha256-0FEgZs+GAC\/rqp7NZifK8KCTNO0ZhA1BtH3926VhrTg=",
      "Microsoft.AspNetCore.Components.dll": "sha256-9vyZ4GoT3boU6maGk46TmLQSp1mWCbipT+CpBREUbDQ=",
      "Microsoft.AspNetCore.Components.Web.dll": "sha256-vFyhxmfvFAitJ4JiLPxjagOq6kefT7EtwXu\/rb60iy8=",
      "Microsoft.AspNetCore.Components.WebAssembly.dll": "sha256-XYM80863rCSqPKTIFsPNKnli9FGEN6ydRhJq9gbYJAE=",
      "Microsoft.Extensions.Configuration.Abstractions.dll": "sha256-X\/f4fDl2cuIRXeWHhK\/f2UqQbFioD+RU4a4CEh0zrrQ=",
      "Microsoft.Extensions.Configuration.dll": "sha256-DBOKSPriP2JDxVbbWrLXyD3K4\/x3RBifNBWk\/q1I39M=",
      "Microsoft.Extensions.Configuration.Json.dll": "sha256-Q5AqJneA2TZnzC0IYzBx6j\/tHRhWAeMbpH3BsV7KgWg=",
      "Microsoft.Extensions.DependencyInjection.Abstractions.dll": "sha256-7ni+nO8H2QxkXyRXRureFzJc0Tr5aT45TAYcdlgpmwQ=",
      "Microsoft.Extensions.DependencyInjection.dll": "sha256-qi0kE7rp0kdsNqdL6DyPZEeimjUGvcLT4iWQX0YnRus=",
      "Microsoft.Extensions.Logging.Abstractions.dll": "sha256-Hk+Op\/2l4FOzMdkD+rOCWVwFQ6lTsWYTK+FvYTHiKNM=",
      "Microsoft.Extensions.Logging.dll": "sha256-RJE660TEC1wm3MyL1EXQfTQB1qK+JWy1efVUxI8nNUo=",
      "Microsoft.Extensions.Options.dll": "sha256-WPBQk7rt2p4aMEo2pTp1sBpsiWdE8MmWuIYq+zl1ceo=",
      "Microsoft.Extensions.Primitives.dll": "sha256-eXvGx2jcjpTPEJoAHBsW\/VuMPbNyyU+AsuhPmkzSSRY=",
      "Microsoft.JSInterop.dll": "sha256-+Ocn1BQJtohBhsgZTM2mUCI8SX4EFb\/JVGbVPOzffDY=",
      "Microsoft.JSInterop.WebAssembly.dll": "sha256-bzbqcJ6KmXNtttCdwlY3JqqzIuFo0rRDUc7qjI8CKYM=",
      "System.Collections.Concurrent.dll": "sha256-U7VY3j1KH3uPYP2TB3sPqP83kUyyOqyyOSMARrAHymI=",
      "System.Collections.dll": "sha256-Ok7dRittrSmbooouE6ga6\/mGWpjq8qy1wJ7sXR6esFM=",
      "System.ComponentModel.dll": "sha256-rlxn8B8ZL9MmrA8Z6No3be1RqFhVusoQqKJeEae17JE=",
      "System.Memory.dll": "sha256-gp0Pxwny2xmF0Lb\/S+AtCuhGu46h2RzVoaN3tv0ZZQQ=",
      "System.Net.Http.dll": "sha256-Rf1lnc6ZbvSLQLwn1k6XseZfa3Ax7CWu0whlrgRUMyI=",
      "System.Net.Http.Json.dll": "sha256-DHhNVfMhpOvhA2zN6Ts+a2JpDNf\/RqolVn\/nEZgsYJg=",
      "System.Net.Primitives.dll": "sha256-KTpgLeoe9jn+5p3GZnwQ3f4KS\/GEMVcBs0T6j1CpQzE=",
      "System.Private.CoreLib.dll": "sha256-p1f\/s4eIdOvOEo\/NKlFhN7UsPg35mngEXAg5xtCBXfg=",
      "System.Private.Uri.dll": "sha256-eNKyEEdz3Ot73Fqqmzb\/8HhceD3A9u8b+jtcix45bn0=",
      "System.Runtime.dll": "sha256-hdBk4C6KJz22ypNrlmpqtJ9lUuKYRUCzpQ4wMbl6u+U=",
      "System.Runtime.InteropServices.JavaScript.dll": "sha256-DpPIAYV1MPOlHFnYUQ8KmNiq7MWzUyae7oAs8ok3N2s=",
      "System.Text.Encodings.Web.dll": "sha256-h4qhYKCTjcv426dOcaYqzFWRtOL2fIwUotle78wc1gE=",
      "System.Text.Json.dll": "sha256-2zEr6pR9o\/4rZpE169P+6aKTfLh5sm4cAXs\/s8ngwmI="
    },
    "extensions": null,
    "lazyAssembly": null,
    "libraryInitializers": null,
    "pdb": null,
    "runtime": {
      "dotnet.7.0.12.kbw8spmfo8.js": "sha256-S\/sjN0aAeMx2jTtenkpc8quRngyhpe1u1iCPikMkTZw=",
      "dotnet.timezones.blat": "sha256-O421u5MzVtmNN7GY9RXR9Ib1uPK4hQfPpzOVofr7iNU=",
      "dotnet.wasm": "sha256-9sqXzeGy4Va+\/+by2jgGo7Cg9B401UO0mILJ31H+zSw=",
      "icudt_CJK.dat": "sha256-SZLtQnRc0JkwqHab0VUVP7T3uBPSeYzxzDnpxPpUnHk=",
      "icudt_EFIGS.dat": "sha256-8fItetYY8kQ0ww6oxwTLiT3oXlBwHKumbeP2pRF4yTc=",
      "icudt_no_CJK.dat": "sha256-L7sV7NEYP37\/Qr2FPCePo5cJqRgTXRwGHuwF5Q+0Nfs=",
      "icudt.dat": "sha256-tO5O5YzMTVSaKBboxAqezOQL9ewmupzV2JrB5Rkc8a4="
    },
    "runtimeAssets": {
      "dotnet.wasm": {
        "behavior": "dotnetwasm",
        "hash": "sha256-9sqXzeGy4Va+\/+by2jgGo7Cg9B401UO0mILJ31H+zSw="
      }
    },
    "satelliteResources": null
  }
}